name,description,quantity,price,profession
Deane,Croix,986,319.46,police officer
Bettine,Earlie,463,549.94,firefighter
Berta,Goddard,28,391.97,doctor
Lynea,Alice,469,476.3,firefighter
Gilda,Nickola,385,214.38,doctor
Molli,Darrell,892,56.63,police officer
Ardenia,Johanna,726,241.66,firefighter
Lonnie,Valoniah,691,324.5,developer
Shaylyn,Masao,219,778.02,police officer
Lanna,Judye,433,1000.73,firefighter
Dari,Stevy,782,518.82,worker
Nonnah,Barrus,750,980.13,worker
Vinita,Sheng,391,945.83,firefighter
Ofilia,Milson,275,167.52,worker
Gabi,Shields,395,76.42,firefighter
Marita,Kenney,618,497.2,police officer
Kristina,Torray,430,830.31,developer
Odessa,McClimans,679,820.83,worker
Brandise,Elo,450,216.87,doctor
Maisey,Alarise,856,643.3,doctor
Fawne,Kelula,938,627.55,developer
Hermione,Drus,733,22.51,firefighter
Shell,Zamora,940,407.04,firefighter
Feliza,Joni,246,330.8,police officer
Tori,Kaete,790,382.31,worker
Celene,Shaver,330,276.46,police officer
Jenilee,Luhe,746,763.77,worker
Pamella,Si,294,263.36,firefighter
Ivett,Shuler,353,365.16,doctor
Margalo,Ludewig,173,606.63,firefighter
Heddie,Lareena,555,13.65,doctor
Hyacinthe,Eugenia,847,753.5,firefighter
Felice,Lucienne,340,69.39,firefighter
Gusty,Timon,667,492.85,developer
Carilyn,Marlie,924,616.56,doctor
Therine,Mozelle,63,71.68,developer
Augustine,Tarrant,667,104.89,worker
Deloria,Amand,103,239.83,developer
Dulcinea,Gilbertson,838,822.88,developer
Jan,Dreda,655,801.48,developer
Norine,Gibbeon,478,861.71,developer
Stevana,Brian,64,929.51,firefighter
Teriann,Iaverne,814,87.64,doctor
Letizia,Gilmour,275,924.3,firefighter
Loree,Zamora,778,80.29,firefighter
Harmonia,Jaylene,421,919.69,doctor
Edyth,Lubin,253,584.16,doctor
Ivett,Harriman,923,628.78,doctor
Valeda,Croix,744,536.06,doctor
Courtnay,Rosemary,448,60.75,firefighter